id_wp,post_type,categoria,nome,descricao,modelo,preco,preco_medio,preco_grande,preco_medio_label,preco_grande_label,serve_ate,ativo,status_wp,ordem,imagem_url,observacao
349,agua,ÁGUA,ÁGUA MINERAL SEM GÁS,GARRAFA PET 500ML,simples,4.5,,,,,,false,private,0,https://point07.innovationconsultoria.com.br/cardapio/wp-content/uploads/2024/08/AGUA-MINERAL-SEM-GAS.webp,
350,agua,ÁGUA,ÁGUA MINERAL COM GÁS,GARRAFA PET 500ML,simples,5.5,,,,,,false,private,1,https://point07.innovationconsultoria.com.br/cardapio/wp-content/uploads/2024/08/AGUA-MINERAL-COM-GAS.webp,
801,agua,ÁGUA,ÁGUA MINERAL MAMBA SEM GÁS,"LATA 350ML, ÁGUA COM APELO SOCIAL, CADA LITRO VENDIDO 1 LITRO SERÁ DOADO PARA REGIÃO SEM ÁGUA POTÁVEL NO BRASIL(PRODUTO GRUPO HEINEKEN)",simples,5.5,,,,,,true,publish,2,https://point07.innovationconsultoria.com.br/cardapio/wp-content/uploads/2024/09/AGUA-MINERAL-MAMBA-SEM-GAS.webp,
802,agua,ÁGUA,ÁGUA MINERAL MAMBA COM GÁS,"LATA 350ML, ÁGUA COM APELO SOCIAL, CADA LITRO VENDIDO 1 LITRO SERÁ DOADO PARA REGIÃO SEM ÁGUA POTÁVEL NO BRASIL (PRODUTO GRUPO HEINEKEN)",simples,6.9,,,,,,true,publish,3,https://point07.innovationconsultoria.com.br/cardapio/wp-content/uploads/2024/09/AGUA-MINERAL-MAMBA-COM-GAS.webp,
805,batata_recheada,BATATA RECHEADA,BATATA RECHEADA,"ESCOLHA 1 CARNE: Frango,Calabresa,Lombo,Presunto,Atum,Contrafilé,Bacon. TODAS ACOMPANHAM: Batata,Mussarela,Catupiry. ESCOLHA 2 COMPLEMENTOS: Milho,Tomate,Alho,Provolone,Pimentão,Ervilha,Cebola,Cheddar,Parmesão,Brócolis,Azeitona. BATATA RECHEADA - OBSERVAÇÃO COMPLEMENTO: (Será cobrado R$ 4.99 por cada acréscimo de complemento). BATATA RECHEADA – OBSERVAÇÃO CARNES: (Será cobrado R$ 9.00 por acréscimo de carne)",simples,29.9,,,,,,true,publish,0,https://point07.innovationconsultoria.com.br/cardapio/wp-content/uploads/2025/01/BATATA.webp,descrição enriquecida com 5 linha(s) de instrução do WP (não eram produtos) — conferir texto
807,cachaca,CACHAÇA,MIRANTE DE MINAS PREMIUM,DOSE 50ML,simples,9.9,,,,,,false,private,0,https://point07.innovationconsultoria.com.br/cardapio/wp-content/uploads/2024/09/MIRANTE-DE-MINAS-PREMIUM.webp,
808,cachaca,CACHAÇA,MIRANTE DE MINAS (AMARELA),DOSE 50ML,simples,7.9,,,,,,false,private,1,https://point07.innovationconsultoria.com.br/cardapio/wp-content/uploads/2024/09/MIRANTE-DE-MINAS-AMARELA.webp,
440,cachaca,CACHAÇA,SALINAS (AMARELA),DOSE 50ML,simples,8.9,,,,,,true,publish,2,https://point07.innovationconsultoria.com.br/cardapio/wp-content/uploads/2024/08/SALINAS-AMARELA.webp,
441,cachaca,CACHAÇA,SELETA (AMARELA),DOSE 50ML,simples,8.9,,,,,,true,publish,3,https://point07.innovationconsultoria.com.br/cardapio/wp-content/uploads/2024/08/SELETA-AMARELA.webp,
448,cachaca_de_sabores,CACHAÇA DE SABORES,BANANA,"CACHAÇA DOCINHA, TEOR ALCOÓLICO BAIXO",tamanhos,,7.9,59.9,Dose,Litro,,false,private,0,https://point07.innovationconsultoria.com.br/cardapio/wp-content/uploads/2024/08/BANANA.webp,"litro: ""(SOMENTE PARA VIAGEM)"""
449,cachaca_de_sabores,CACHAÇA DE SABORES,MILHO,"CACHAÇA CREMOSA, TEOR ALCOÓLICO BAIXO",tamanhos,,7.9,69.9,Dose,Litro,,false,private,1,https://point07.innovationconsultoria.com.br/cardapio/wp-content/uploads/2024/08/MILHO.webp,"litro: ""(SOMENTE PARA VIAGEM)"""
450,cachaca_de_sabores,CACHAÇA DE SABORES,DOCE DE LEITE,"CACHAÇA CREMOSA, TEOR ALCOÓLICO BAIXO",tamanhos,,7.9,69.9,Dose,Litro,,false,private,2,https://point07.innovationconsultoria.com.br/cardapio/wp-content/uploads/2024/08/DOCE-DE-LEITE.webp,"litro: ""(SOMENTE PARA VIAGEM)"""
530,caldos,CALDOS,MISTO,FEIJÃO/MANDIOCA,simples,27.9,,,,,,true,publish,0,,sem imagem no WordPress
531,caldos,CALDOS,FEIJÃO,TIJELA PORC. 500ML,simples,24.9,,,,,,true,publish,1,,sem imagem no WordPress
532,caldos,CALDOS,MANDIOCA,TIJELA PORC. 500ML,simples,24.9,,,,,,true,publish,2,,sem imagem no WordPress
809,cachaca,CACHAÇA,MARÉ MANSA (AMARELA),DOSE 50ML,simples,6.9,,,,,,true,publish,4,,sem imagem no WordPress
810,cachaca_de_sabores,CACHAÇA DE SABORES,RODADA 07 DE SABOR,RODADA COM 7 DOSES ALEATORIAS DOS SABORES,simples,48.5,,,,,,true,publish,3,https://point07.innovationconsultoria.com.br/cardapio/wp-content/uploads/2024/09/07aleatoria.webp,
1649,cachaca_de_sabores,CACHAÇA DE SABORES,CACHAÇA SABOR DOCE DE LEITE,,simples,7.9,,,,,,true,publish,4,https://point07.innovationconsultoria.com.br/cardapio/wp-content/uploads/2025/09/Cachaca-sabor-Doce-de-leite.webp,
1661,cachaca_de_sabores,CACHAÇA DE SABORES,CACHAÇA SABOR CRAVO E CANELA,,simples,7.9,,,,,,true,publish,5,https://point07.innovationconsultoria.com.br/cardapio/wp-content/uploads/2025/09/Cachaca-sabor-Cravo-e-canela.webp,
1662,cachaca_de_sabores,CACHAÇA DE SABORES,CACHAÇA SABOR PAÇOCA,,simples,7.9,,,,,,true,publish,6,https://point07.innovationconsultoria.com.br/cardapio/wp-content/uploads/2025/09/Cachaca-sabor-Pacoca.webp,
1663,cachaca_de_sabores,CACHAÇA DE SABORES,CACHAÇA DOCE DE LEITE COM CAFÉ,,simples,7.9,,,,,,true,publish,7,https://point07.innovationconsultoria.com.br/cardapio/wp-content/uploads/2025/09/Cachaca-sabor-Doce-de-leite-com-cafe.webp,
1664,cachaca_de_sabores,CACHAÇA DE SABORES,CACHAÇA SABOR MARULA,,simples,7.9,,,,,,true,publish,8,https://point07.innovationconsultoria.com.br/cardapio/wp-content/uploads/2025/09/Cachaca-sabor-Marula.webp,
1665,cachaca_de_sabores,CACHAÇA DE SABORES,CAHAÇA SABOR CREME DE AVELÃ,,simples,7.9,,,,,,false,private,9,https://point07.innovationconsultoria.com.br/cardapio/wp-content/uploads/2025/09/Cachaca-sabor-Creme-de-avela.webp,
1666,cachaca_de_sabores,CACHAÇA DE SABORES,CACHAÇA SABOR BLUE ICE,,simples,7.9,,,,,,true,publish,10,https://point07.innovationconsultoria.com.br/cardapio/wp-content/uploads/2025/09/Cachaca-sabor-Blue-Ice.webp,
1667,cachaca_de_sabores,CACHAÇA DE SABORES,CACHAÇA SABOR BANOFFEE,,simples,7.9,,,,,,true,publish,11,https://point07.innovationconsultoria.com.br/cardapio/wp-content/uploads/2025/09/Cachaca-sabor-Banoffe.webp,
1669,cachaca_de_sabores,CACHAÇA DE SABORES,CACHAÇA SABOR BANANA,,simples,7.9,,,,,,true,publish,12,https://point07.innovationconsultoria.com.br/cardapio/wp-content/uploads/2025/09/Cachaca-sabor-Banana.webp,
1670,cachaca_de_sabores,CACHAÇA DE SABORES,CACHAÇA SABOR MILHO VERDE,,simples,7.9,,,,,,false,private,13,https://point07.innovationconsultoria.com.br/cardapio/wp-content/uploads/2025/09/Cachaca-sabor-Milho-verde.webp,
397,chopp,CHOPP,CHOPP AMSTEL CANECA 300ML,"CHOPP ESTILO AMERICAN STANDARD, LEVE E MUITO CREMOSO",simples,10.9,,,,,,true,publish,0,https://point07.innovationconsultoria.com.br/cardapio/wp-content/uploads/2024/08/Chopp-AMSTEL.webp,
398,chopp,CHOPP,"TORRE CHOPP AMSTEL 2,5LT","CHOPP ESTILO AMERICAN STANDARD, LEVE E MUITO CREMOSO",simples,69.9,,,,,,true,publish,1,https://point07.innovationconsultoria.com.br/cardapio/wp-content/uploads/2024/08/TORRE-CHOPP-ECOBIER-25LT.webp,
399,cervejas_artesanais,CERVEJAS ARTESANAIS,BADEN BADEN CRISTAL 600ML,"CERVEJA PILSEN, LEVE, MALTE SELECIONADO, AMAGOR BAIXO",simples,22.9,,,,,,true,publish,0,https://point07.innovationconsultoria.com.br/cardapio/wp-content/uploads/2024/08/BADEN-BADEN-CRISTAL-600ML.webp,
400,cervejas_artesanais,CERVEJAS ARTESANAIS,BADEN BADEN IPA 600ML,"CERVEJA COM NOTAS INTENSAS DE MARACUJA,CITRICO REFRESCANTE, AMARGOR INTENSO",simples,22.9,,,,,,true,publish,1,https://point07.innovationconsultoria.com.br/cardapio/wp-content/uploads/2024/10/BADEN-BADEN-PEACH-600ML.webp,
401,cervejas_600ml,CERVEJAS 600ML,HEINEKEN 600ML,CERVEJA PURO MALTE,simples,19,,,,,,true,publish,0,https://point07.innovationconsultoria.com.br/cardapio/wp-content/uploads/2024/08/HEINEKEN-600ML.webp,
402,cervejas_600ml,CERVEJAS 600ML,AMSTEL 600ML,CERVEJA PURO MALTE,simples,14,,,,,,true,publish,1,https://point07.innovationconsultoria.com.br/cardapio/wp-content/uploads/2024/08/AMSTEL-600ML.webp,
404,cervejas_600ml,CERVEJAS 600ML,EISENBAHN PILSEN 600ML,CERVEJA PURO MALTE,simples,15,,,,,,true,publish,2,https://point07.innovationconsultoria.com.br/cardapio/wp-content/uploads/2024/08/EISENBAHN-PILSEN-600ML.webp,
405,cervejas_600ml,CERVEJAS 600ML,ORIGINAL 600ML,PILSEN LAGER,simples,15,,,,,,false,private,3,https://point07.innovationconsultoria.com.br/cardapio/wp-content/uploads/2024/08/ORIGINAL-600ML.webp,
451,destilados,DESTILADOS,VODKA ORLOFF,DOSE 50ML,simples,10,,,,,,false,private,0,https://point07.innovationconsultoria.com.br/cardapio/wp-content/uploads/2024/08/VODKA-ORLOFF.webp,
452,destilados,DESTILADOS,VODKA SMIRNOFF,DOSE 50ML,simples,10,,,,,,false,private,1,https://point07.innovationconsultoria.com.br/cardapio/wp-content/uploads/2024/08/VODKA-SMIRNOFF.webp,
453,destilados,DESTILADOS,VODKA ABSOLUT,DOSE 50ML,simples,17,,,,,,false,private,2,https://point07.innovationconsultoria.com.br/cardapio/wp-content/uploads/2024/08/VODKA-ABSOLUT.webp,
455,destilados,DESTILADOS,TEQUILA (JOSÉ CUERVO),DOSE 50ML,simples,19.9,,,,,,false,private,3,https://point07.innovationconsultoria.com.br/cardapio/wp-content/uploads/2024/08/TEQUILA-JOSE-CUERVO.webp,
457,destilados,DESTILADOS,AMARULA,DOSE 50ML,simples,18,,,,,,false,private,4,https://point07.innovationconsultoria.com.br/cardapio/wp-content/uploads/2024/08/AMARULA.webp,
458,destilados,DESTILADOS,RUM BACARDI,DOSE 50ML,simples,10,,,,,,false,private,5,https://point07.innovationconsultoria.com.br/cardapio/wp-content/uploads/2024/08/RUM-BACARDI.webp,
459,destilados,DESTILADOS,LICOR (CURAÇAU E MENTA E SABORES),DOSE 50ML,simples,10,,,,,,false,private,6,https://point07.innovationconsultoria.com.br/cardapio/wp-content/uploads/2024/08/BID-Blue.webp,
811,cervejas_artesanais,CERVEJAS ARTESANAIS,BADEN BADEN PEACH 600ML,"CERVEJA DE TRIGO, NOTAS SUAVES DE PÊSSEGO, AMARGOR LEVE",simples,22.9,,,,,,true,publish,2,https://point07.innovationconsultoria.com.br/cardapio/wp-content/uploads/2024/10/BADEN-BADEN-PEACH-600ML-1.webp,
812,cervejas_artesanais,CERVEJAS ARTESANAIS,BADEN BADEN WITBIER 600ML,"CERVEJA DE TRIGO, NOTAS SUAVES DE LARANJA E COENTRO, TROPICAL REFRESCANTE, AMARGOR LEVE",simples,22.9,,,,,,true,publish,3,https://point07.innovationconsultoria.com.br/cardapio/wp-content/uploads/2024/10/BADEN-BADEN-WITBIER-600ML.webp,
813,cervejas_artesanais,CERVEJAS ARTESANAIS,BADEN BADEN GOLDEN 600ML,"CERVEJA DE TRIGO, NOTAS FRUTAS VERMELHAS E CANELA, AMARGOR MODERADO",simples,22.9,,,,,,true,publish,4,https://point07.innovationconsultoria.com.br/cardapio/wp-content/uploads/2024/10/BADEN-BADEN-GOLDEN-600ML.webp,
1333,cervejas_artesanais,CERVEJAS ARTESANAIS,BALDE C/3un BADEN BADEN,ESCOLHA 3 BADEN BADEN ESTILOS! BALDE ACOMPANHA COM GELO PARA MANTER GELADA. (BALDE PERTENCE A CASA),simples,59.7,,,,,,false,private,5,,sem imagem no WordPress
1618,cervejas_600ml,CERVEJAS 600ML,EISENBAHN UNFILTRED,CERVEJA PILSEN NÃO FILTRADA,simples,14.5,,,,,,false,private,4,https://point07.innovationconsultoria.com.br/cardapio/wp-content/uploads/2025/06/Eisenbahn-Unfiltered.webp,
411,drinks,DRINKS,CAIPIRINHA,"LIMÃO, OU ABACAXI, CACHAÇA, AÇUCAR E GELO",simples,12.9,,,,,,true,publish,0,https://point07.innovationconsultoria.com.br/cardapio/wp-content/uploads/2025/01/CAIPIRINHA-ABACAXI.webp,
412,drinks,DRINKS,CAIPVODKA,"LIMÃO OU ABACAXI, VODKA E GELO",simples,14.9,,,,,,true,publish,1,https://point07.innovationconsultoria.com.br/cardapio/wp-content/uploads/2024/11/caipirinha-caipvodka-caipirissima-de-limao.webp,
413,drinks,DRINKS,MOJITO,"SUCO DE LIMÃO, BACARDI, HORTELÃ, AÇUCAR E GELO",simples,17.9,,,,,,true,publish,2,https://point07.innovationconsultoria.com.br/cardapio/wp-content/uploads/2025/01/MOJITO2.webp,
416,drinks,DRINKS,SHOT POINT 07,"CURAÇAU, MENTA, MORANGO, MELÃO, PESSEGO (COPO 50ML)",simples,7.9,,,,,,true,publish,3,https://point07.innovationconsultoria.com.br/cardapio/wp-content/uploads/2024/08/SHOT-POINT07.webp,
417,drinks,DRINKS,SHOT CAFÉ COM WHISKY,"GROSELHA, LICOR DE CAFÉ E WHISKY  (COPO 50ML)",simples,9.9,,,,,,true,publish,4,https://point07.innovationconsultoria.com.br/cardapio/wp-content/uploads/2024/08/SHOT-CAFE.webp,
418,drinks,DRINKS,SHOT AMARULA,"GROSELHA, LICOR E AMARULA  (COPO 50ML)",simples,9.9,,,,,,true,publish,5,https://point07.innovationconsultoria.com.br/cardapio/wp-content/uploads/2024/08/combo-de-shot2.webp,
454,destilados,DESTILADOS,CAMPARI,DOSE 50ML,simples,14.9,,,,,,true,publish,7,https://point07.innovationconsultoria.com.br/cardapio/wp-content/uploads/2024/08/CAMPARI.webp,
456,destilados,DESTILADOS,TEQUILA (NACIONAL),DOSE 50ML,simples,13,,,,,,true,publish,8,https://point07.innovationconsultoria.com.br/cardapio/wp-content/uploads/2024/08/TEQUILA.webp,
461,destilados,DESTILADOS,GIN GORDON'S,DOSE 50ML,simples,12,,,,,,false,private,9,https://point07.innovationconsultoria.com.br/cardapio/wp-content/uploads/2024/08/GIN-GORDONS.webp,
462,destilados,DESTILADOS,GIN ORLOFF,DOSE 50ML,simples,12,,,,,,false,private,10,https://point07.innovationconsultoria.com.br/cardapio/wp-content/uploads/2024/08/GIN-ORLOFF.webp,
463,destilados,DESTILADOS,GIN TANQUERAY,DOSE 50ML,simples,19,,,,,,false,private,11,https://point07.innovationconsultoria.com.br/cardapio/wp-content/uploads/2024/08/GIN-TANQUERAY.webp,
1588,destilados,DESTILADOS,EL JIMADOR,"TEQUILA IMPORTADA, 100% AGAVE. DOSE 65 ML",simples,20.9,,,,,,true,publish,12,https://point07.innovationconsultoria.com.br/cardapio/wp-content/uploads/2025/05/EL-JIMADOR1.webp,
1611,destilados,DESTILADOS,MALIBU,DOSE 50 ML,simples,12,,,,,,false,private,13,https://point07.innovationconsultoria.com.br/cardapio/wp-content/uploads/2025/05/MALIBU.webp,
1712,drinks,DRINKS,POINT APEROL,,simples,,,,,,,false,private,6,,SEM PREÇO — precisa ser preenchido antes de importar | sem imagem no WordPress
1713,drinks,DRINKS,CAIPVOKA ABACAXI,,simples,,,,,,,false,private,7,,SEM PREÇO — precisa ser preenchido antes de importar | sem imagem no WordPress
1714,drinks,DRINKS,CAIPIRINHA ABACAXI,,simples,,,,,,,false,private,8,,SEM PREÇO — precisa ser preenchido antes de importar | sem imagem no WordPress
1715,drinks,DRINKS,JACK MAÇÃ VERDE,,simples,,,,,,,false,private,9,,SEM PREÇO — precisa ser preenchido antes de importar | sem imagem no WordPress
1716,drinks,DRINKS,CAIPIRÍSSIMA LIMÃO,,simples,,,,,,,false,private,10,,SEM PREÇO — precisa ser preenchido antes de importar | sem imagem no WordPress
1717,drinks,DRINKS,CAIPIRÍSSIMA ACABAXI,,simples,,,,,,,false,private,11,,SEM PREÇO — precisa ser preenchido antes de importar | sem imagem no WordPress
1718,drinks,DRINKS,APEROL,,simples,,,,,,,false,private,12,,SEM PREÇO — precisa ser preenchido antes de importar | sem imagem no WordPress
421,drinks,DRINKS,CAIPIROSKA,"ABACAXI COM HORTELÃ, VODKA, AÇUCAR, PICOLÉ DE COCO E GELO",simples,18.9,,,,,,true,publish,13,https://point07.innovationconsultoria.com.br/cardapio/wp-content/uploads/2025/01/CAIPIROSKA2.webp,
422,drinks,DRINKS,MARGARITA,"SUCO DE LIMÃO, TEQUILA, LICOR DE LARANJA",simples,28.9,,,,,,true,publish,14,https://point07.innovationconsultoria.com.br/cardapio/wp-content/uploads/2025/01/MARGARITA-LIMAO.webp,
424,drinks,DRINKS,CUBA LIBRE,"COCA-COLA, LIMÃO, RUM CARTA ORO E GELO",simples,16.9,,,,,,true,publish,15,https://point07.innovationconsultoria.com.br/cardapio/wp-content/uploads/2025/01/CUBA-LIBRE.webp,
425,drinks,DRINKS,CAIP SABORES,"SUCO DE LIMÃO, ORLOFF, ESSÊNCIA: AMORA, MAÇÃ VERDE, MORANGO E GELO",simples,18,,,,,,true,publish,16,https://point07.innovationconsultoria.com.br/cardapio/wp-content/uploads/2024/08/drink2.webp,
426,drinks,DRINKS,PIÑA COLADA,"ABACAXI, MALIBU, LEITE DE COCO, RUM, AÇUCAR E GELO",simples,22.9,,,,,,true,publish,17,https://point07.innovationconsultoria.com.br/cardapio/wp-content/uploads/2025/01/PINA-COLADA2.webp,
427,drinks,DRINKS,BLONDE CITRUS HIGHBALL,"SUCO DE LARANJA, SCHWEPPES CITRUS, WHISKY JOHNNIE WALKER BLONDE, GELO",simples,19.9,,,,,,true,publish,18,https://point07.innovationconsultoria.com.br/cardapio/wp-content/uploads/2025/01/BLONDE1.webp,
814,drinks,DRINKS,CAIPIRINHA MARACUJA,"MARACUJA, CACHAÇA, AÇUCAR E GELO",simples,12.9,,,,,,true,publish,19,https://point07.innovationconsultoria.com.br/cardapio/wp-content/uploads/2024/11/caipirinha-caipvodka-maracuja.webp,
815,drinks,DRINKS,CAIPVODKA MARACUJA,"MARACUJÁ, VODKA, AÇUCAR E GELO",simples,16.9,,,,,,true,publish,20,https://point07.innovationconsultoria.com.br/cardapio/wp-content/uploads/2025/01/CAIPIRINHA-MARACUJA.webp,
816,drinks,DRINKS,SHOT PIMENTA,"GROSELHA, ORLOFF E PIMENTA (COPO 50ML)",simples,7.9,,,,,,true,publish,21,https://point07.innovationconsultoria.com.br/cardapio/wp-content/uploads/2024/11/shot-pimenta.webp,
817,drinks,DRINKS,COMBO SHOT'S POINT07,"COMBO SHOT'S 7 SABORES ALEATORIOS, SUPER DESCONTO (NÃO PODE ESCOLHER OS SABORES)",simples,48,,,,,,true,publish,22,https://point07.innovationconsultoria.com.br/cardapio/wp-content/uploads/2025/01/COMBO-SHOTS-POINT-07.webp,
818,drinks,DRINKS,CAIPIRINHA GOURMET,"LIMÃO, CACHAÇA COM ÁGUA DE COCO, AÇUCAR, PICOLÉ DE LIMÃO E GELO",simples,18.9,,,,,,true,publish,23,https://point07.innovationconsultoria.com.br/cardapio/wp-content/uploads/2024/11/caipirinha-gourmet.webp,
819,drinks,DRINKS,MOJITO MAÇA VERDE,"BACARDI, HORTELÃ, SUCO DE LIMÃO, AÇUCAR, ESSÊNCIA DE MAÇÃ VERDE E GELO",simples,18.9,,,,,,true,publish,24,https://point07.innovationconsultoria.com.br/cardapio/wp-content/uploads/2025/01/MOJITO-MACA-VERDE.webp,
820,drinks,DRINKS,CAIP MORANGO,"POLPA DE MORANGO, VODKA ORLOFF, AÇUCAR E GELO",simples,17.9,,,,,,true,publish,25,https://point07.innovationconsultoria.com.br/cardapio/wp-content/uploads/2025/01/CAIP-MORANDO.webp,
1403,drinks,DRINKS,GIN TÔNICA GORDON'S,"MAÇA VERDE, LIMÃO SICILIANO, AMORA, MORANGO OU MELÃO",simples,18.9,,,,,,true,publish,26,https://point07.innovationconsultoria.com.br/cardapio/wp-content/uploads/2025/01/GIN-TONICA-GORDONS.webp,
1405,drinks,DRINKS,GYN TÔNICA TANQUERAY,"MAÇA VERDE, LIMÃO SICILIANO, AMORA, MORANGO OU MELÃO",simples,25.9,,,,,,true,publish,27,https://point07.innovationconsultoria.com.br/cardapio/wp-content/uploads/2025/01/GYN-TONICA-TANQUERAY.webp,
1627,drinks,DRINKS,NEGRONI,"GIN, VERMUTE ROSSO, CAMPARI, TOQUE DE LARANJA E GELO.",simples,27,,,,,,true,publish,28,https://point07.innovationconsultoria.com.br/cardapio/wp-content/uploads/2025/07/Negroni.jpg,
1631,drinks,DRINKS,MOSCOW MULE,"VODKA, SUCO LIMÃO, XAROPE DE AÇÚCAR, ESSENCIA DE GENGIBRE, ESPUMA DE GENGIBRE E GELO",simples,24,,,,,,true,publish,29,https://point07.innovationconsultoria.com.br/cardapio/wp-content/uploads/2025/07/moscow-mule.jpg,
433,energetico,ENERGÉTICO,ENERGÉTICO RED BULL 250ML,RED BULL 250ML,simples,19,,,,,,false,private,0,https://point07.innovationconsultoria.com.br/cardapio/wp-content/uploads/2024/08/ENERGETICO-RED-BULL-250ML.webp,
434,energetico,ENERGÉTICO,ENERGÉTICO MONSTER 473ML,CONFERIR OPÇÕES S/AÇUCAR,simples,18,,,,,,true,publish,1,https://point07.innovationconsultoria.com.br/cardapio/wp-content/uploads/2024/08/ENERGETICO-MONSTER-473ML.webp,
435,energetico,ENERGÉTICO,ENERGÉTICO BURN 250ML,ENERGÉTICO BURN 250ML,simples,13,,,,,,false,private,2,https://point07.innovationconsultoria.com.br/cardapio/wp-content/uploads/2024/08/ENERGETICO-BURN-250ML.webp,
470,entrada_tira_gosto,Porções,FRITAS,,tamanhos,,32.9,,Médio,Grande,,true,publish,0,https://point07.innovationconsultoria.com.br/cardapio/wp-content/uploads/2025/01/BATATA-FRITA.webp,
471,entrada_tira_gosto,Porções,FRITAS COM QUEIJO E BACON,,tamanhos,,49.9,,Médio,Grande,,true,publish,1,https://point07.innovationconsultoria.com.br/cardapio/wp-content/uploads/2025/01/FRITAS-QUEIJO-E-BACON.webp,
477,entrada_tira_gosto,Porções,FRANGO À PASSARINHO + MOLHO ESPECIAL POINT07,FRANGO A PASSARINHO SUCULENTO COM UM MOLHO DE ALHO QUE SO NA POINT07 EXISTE. DELICIOSO!,tamanhos,,,58.9,Médio,Grande,,true,publish,2,https://point07.innovationconsultoria.com.br/cardapio/wp-content/uploads/2025/01/FRANGO-A-PASSARINHO.webp,
821,energetico,ENERGÉTICO,ENERGÉTICO MONSTER ULTRA VIOLET 473ML,S/AÇUCAR SABOR UVA,simples,18,,,,,,false,private,3,https://point07.innovationconsultoria.com.br/cardapio/wp-content/uploads/2024/10/ENERGETICO-MONSTER-ULTRA-VIOLET-473ML.webp,
479,entrada_tira_gosto,Porções,FÍGADO COM JILÓ,,tamanhos,,49.5,,Médio,Grande,,true,publish,3,https://point07.innovationconsultoria.com.br/cardapio/wp-content/uploads/2025/01/FIGADO-COM-JILO.webp,
480,entrada_tira_gosto,Porções,FÍGADO ACEBOLADO,,tamanhos,,45.5,,Médio,Grande,,true,publish,4,https://point07.innovationconsultoria.com.br/cardapio/wp-content/uploads/2024/08/FIGADO-ACEBOLADO.webp,
484,entrada_tira_gosto,Porções,TORRESMO,"TORRESMO DE PELE BEM FRITO, PRODUZIDO E TEMPERADO NA CASA. MUITO CROCANTE E SABOROSO!",tamanhos,,34.9,,Médio,Grande,,true,publish,5,https://point07.innovationconsultoria.com.br/cardapio/wp-content/uploads/2025/01/TORRESMO.webp,
485,entrada_tira_gosto,Porções,SALAMINHO ITALIANO (100G),,tamanhos,,29.9,,Médio,Grande,,true,publish,6,https://point07.innovationconsultoria.com.br/cardapio/wp-content/uploads/2025/01/SALAMINHO-ITALIANO.webp,
540,espetinhos_tradicion,ESPETINHOS TRADICIONAIS,CONTRAFILÉ,,simples,12.9,,,,,,true,publish,0,https://point07.innovationconsultoria.com.br/cardapio/wp-content/uploads/2024/08/ESPETINHO-CONTRAFILE.webp,
541,espetinhos_tradicion,ESPETINHOS TRADICIONAIS,ALMONDEGA COM CHEDDAR,,simples,12.9,,,,,,false,private,1,https://point07.innovationconsultoria.com.br/cardapio/wp-content/uploads/2024/08/ESPETINHO-ALMONDEGA-COM-CHEDDAR.webp,
542,espetinhos_tradicion,ESPETINHOS TRADICIONAIS,ALMONDEGA COM MUSSARELA,,simples,12.9,,,,,,false,private,2,https://point07.innovationconsultoria.com.br/cardapio/wp-content/uploads/2024/08/ESPETINHO-ALMONDEGA-COM-MUSSARELA-1.webp,
543,espetinhos_tradicion,ESPETINHOS TRADICIONAIS,CORAÇÃOZINHO,,simples,12.9,,,,,,true,publish,3,https://point07.innovationconsultoria.com.br/cardapio/wp-content/uploads/2024/08/ESPETINHO-CORACOEZINHO.webp,
544,espetinhos_tradicion,ESPETINHOS TRADICIONAIS,FILÉ DE FRANGO,,simples,12.9,,,,,,false,private,4,https://point07.innovationconsultoria.com.br/cardapio/wp-content/uploads/2024/08/espetinho-LOMBO.webp,
545,espetinhos_tradicion,ESPETINHOS TRADICIONAIS,KAFTA,,simples,12.9,,,,,,false,private,5,https://point07.innovationconsultoria.com.br/cardapio/wp-content/uploads/2024/08/ESPETINHO-KAFTA.webp,
546,espetinhos_tradicion,ESPETINHOS TRADICIONAIS,MEIO DA ASA,,simples,12.9,,,,,,true,publish,6,https://point07.innovationconsultoria.com.br/cardapio/wp-content/uploads/2024/08/espetinho-MEIO-DA-ASA.webp,
547,espetinhos_tradicion,ESPETINHOS TRADICIONAIS,MISTO BOI E PORCO,,simples,12.9,,,,,,false,private,7,,sem imagem no WordPress
548,espetinhos_tradicion,ESPETINHOS TRADICIONAIS,MUSSARELA,,simples,12.9,,,,,,true,publish,8,https://point07.innovationconsultoria.com.br/cardapio/wp-content/uploads/2024/08/espetinho-MUSSARELA.webp,
549,espetinhos_tradicion,ESPETINHOS TRADICIONAIS,SALSICHÃO,,simples,12.9,,,,,,true,publish,9,https://point07.innovationconsultoria.com.br/cardapio/wp-content/uploads/2024/08/espetinho-SALSICHAO.webp,
550,espetinhos_tradicion,ESPETINHOS TRADICIONAIS,TOUCINHO DE BARRIGA,,simples,12.9,,,,,,true,publish,10,https://point07.innovationconsultoria.com.br/cardapio/wp-content/uploads/2024/08/TOUCINHO-DE-BARRIGA.webp,
551,espetinhos_tradicion,ESPETINHOS TRADICIONAIS,QUEIJO COALHO,,simples,12.9,,,,,,true,publish,11,https://point07.innovationconsultoria.com.br/cardapio/wp-content/uploads/2024/08/espetinho-QUEIJO-COALHO.webp,
552,espetinhos_tradicion,ESPETINHOS TRADICIONAIS,LOMBO,,simples,12.9,,,,,,false,private,12,https://point07.innovationconsultoria.com.br/cardapio/wp-content/uploads/2024/08/ESPETINHO-LOMBO1.webp,
558,espetinhos_gourmet,ESPETINHOS GOURMET,PICANHA GRILL,,simples,15.9,,,,,,true,publish,0,,sem imagem no WordPress
824,espetinhos_tradicion,ESPETINHOS TRADICIONAIS,ALMONDEGA COM PIMENTA BIQUINHO,,simples,12.9,,,,,,false,private,13,https://point07.innovationconsultoria.com.br/cardapio/wp-content/uploads/2024/10/ALMONDEGA-COM-PIMENTA-BIQUINHO.webp,
1677,entrada_tira_gosto,Porções,TOUCINHO DE BARRIGA EMPANADO COM GELEIA DE PIMENTA,"TOUCINHO DE ROLO EMPANADO, COM PELE CROCANTE. COM GELEIA DE PIMENTA DE RECEITA EXCLUSIVA POINT07. O VERDADEIRO TIRA GOSTO!",tamanhos,,55,,Médio,Grande,,true,publish,7,https://point07.innovationconsultoria.com.br/cardapio/wp-content/uploads/2025/11/WhatsApp-Image-2025-11-07-at-17.20.03-e1762547018141.jpeg,
394,long_neck,LONG NECK,HEINEKEN,"PURO MALTE, 330ML",simples,12.9,,,,,,true,publish,0,https://point07.innovationconsultoria.com.br/cardapio/wp-content/uploads/2024/08/HEINEKEN330.webp,
396,long_neck,LONG NECK,AMSTEL ULTRA,"PURO MALTE, S/GLÚTEN, BAIXA CALORIA APENAS 72 CALORIAS, 275ML",simples,10.9,,,,,,true,publish,1,https://point07.innovationconsultoria.com.br/cardapio/wp-content/uploads/2024/08/AMSTEL-ULTRA.webp,
539,kids,KIDS,NUGGETS 20 UNIDADES + MOLHO ESPECIAL,,simples,42.9,,,,,,true,publish,0,,sem imagem no WordPress
553,medalhoes,MEDALHÕES,BATATINHA COM CHEDDAR,,simples,13.9,,,,,,true,publish,0,,sem imagem no WordPress
554,medalhoes,MEDALHÕES,BOVINO,,simples,13.9,,,,,,false,private,1,,sem imagem no WordPress
555,medalhoes,MEDALHÕES,CORAÇÃOZINHO FRANGO,,simples,13.9,,,,,,false,private,2,,sem imagem no WordPress
556,medalhoes,MEDALHÕES,MUSSARELA,,simples,13.9,,,,,,true,publish,3,,sem imagem no WordPress
557,medalhoes,MEDALHÕES,FRANGO,,simples,13.9,,,,,,false,private,4,,sem imagem no WordPress
825,espetinhos_tradicion,ESPETINHOS TRADICIONAIS,PICANHA GRILL,,simples,16.9,,,,,,true,publish,14,https://point07.innovationconsultoria.com.br/cardapio/wp-content/uploads/2024/10/ESPETINHO-PICANHA-GRILL.webp,
826,kids,KIDS,REFRIGERANTE ARTESANAL,"LIMAO ESPRIMIDO, AGUA COM GAS,  ESSENCIA A ESCOLHER: MORANGO, AMORA, MAÇA VERDE E LIMAO SICILIANO.",simples,14.9,,,,,,true,publish,1,https://point07.innovationconsultoria.com.br/cardapio/wp-content/uploads/2024/11/Refrigerante-artesanal-de-maca-verde.webp,
827,kids,KIDS,BATATAS COM ROSTINHO (SMILE) + MOLHO ROSE,"BATATAS FRITAS COM ROSTO SORRINDO, TRANZENDO MAIS DIVERSÃO NA ALIMENTAÇÃO.",simples,33.9,,,,,,true,publish,2,,sem imagem no WordPress
828,long_neck,LONG NECK,HEINEKEN 0.0,"0 ALCOOL, PURO MALTE, 330ML",simples,12.9,,,,,,true,publish,2,https://point07.innovationconsultoria.com.br/cardapio/wp-content/uploads/2024/10/HEINEKEN-0.0.webp,
829,long_neck,LONG NECK,PRAYA CLASSICA,"CERVEJA DE TRIGO, TOQUE DE LIMÃO SICILIANO E COENTRO, REFRESCANTE, 355ML",simples,14.5,,,,,,false,private,3,https://point07.innovationconsultoria.com.br/cardapio/wp-content/uploads/2024/10/PRAYA.webp,
830,long_neck,LONG NECK,AMSTEL VIBES LIMÃO,"REFRESCANTE,CITRICO, CAIPIRINHA COM A QUALIDADE AMSTEL, 269ML LATA",tamanhos,,8.9,39.9,Unidade,Balde de 5,,false,private,4,https://point07.innovationconsultoria.com.br/cardapio/wp-content/uploads/2024/10/AMSTEL-VIBES-LIMAO.webp,
831,long_neck,LONG NECK,AMSTEL VIBES MOR/MELANCIA,"SABOROSO MIX DE MORANGO E MELANCIA, DELICIOSO,269ML LATA",tamanhos,,8.9,39.9,Unidade,Balde de 5,,false,private,5,https://point07.innovationconsultoria.com.br/cardapio/wp-content/uploads/2024/10/AMSTEL-VIBES-MORMELANCIA.webp,
832,long_neck,LONG NECK,BLUE MOON (BELGIAN WHITE),"CERVEJA DE TRIGO BELGA, NOTAS DE LARANJA E COENTRO, REFRESCANTE, 355ML",simples,18,,,,,,false,private,6,https://point07.innovationconsultoria.com.br/cardapio/wp-content/uploads/2024/10/BLUE-MOON-BELGIAN-WHITE.webp,
835,long_neck,LONG NECK,EISENBAHN PILSEN,"PURO MALTE, 355ML",simples,10.9,,,,,,true,publish,7,https://point07.innovationconsultoria.com.br/cardapio/wp-content/uploads/2024/10/EISENBAHN-PILSEN355.webp,
840,medalhoes,MEDALHÕES,AIPIM C/CARNE SECA,,simples,13.9,,,,,,true,publish,5,,sem imagem no WordPress
1248,long_neck,LONG NECK,LAGUNITAS IPA,"CERVEJA IMPORTADA DA CALIFORNIA USA, MUITO REFRESCANTE, AMARGOR MODERADO, 355ML",simples,18,,,,,,true,publish,8,https://point07.innovationconsultoria.com.br/cardapio/wp-content/uploads/2024/10/LAGUNISTAS-IPA.webp,
1331,long_neck,LONG NECK,PRAYA LAGER PREMIUM,"PURO MALTE, TOQUE DE LUPULOS FLORAIS, FRESCOR INCRIVEL, BAIXO AMARGOR, 355ML",simples,12.9,,,,,,true,publish,9,https://point07.innovationconsultoria.com.br/cardapio/wp-content/uploads/2024/12/praya-premium.webp,
497,paes_de_alho_artesan,PÃES DE ALHO ARTESANAIS,PÃO DE ALHO PORÓ,ARTESANAL,simples,9.9,,,,,,false,private,0,,sem imagem no WordPress
498,paes_de_alho_artesan,PÃES DE ALHO ARTESANAIS,PÃO DE ALHO,ARTESANAL,simples,9.9,,,,,,false,private,1,,sem imagem no WordPress
499,paes_de_alho_artesan,PÃES DE ALHO ARTESANAIS,PÃO DE AZEITONA COM CEBOLA ROXA,ARTESANAL,simples,9.9,,,,,,false,private,2,,sem imagem no WordPress
500,paes_de_alho_artesan,PÃES DE ALHO ARTESANAIS,PÃO DE GOIABADA COM PARMESÃO,ARTESANAL,simples,9.9,,,,,,false,private,3,,sem imagem no WordPress
502,paes_de_alho,PÃES DE ALHO,PÃO DE FRANGO COM REQUEIJÃO,,simples,9.9,,,,,,false,private,0,,sem imagem no WordPress
503,paes_de_alho,PÃES DE ALHO,PÃO DE TOMATE SECO,,simples,9.9,,,,,,true,publish,1,,sem imagem no WordPress
504,paes_de_alho,PÃES DE ALHO,PÃO DE QUATRO QUEIJOS,,simples,9.9,,,,,,true,publish,2,,sem imagem no WordPress
505,paes_de_alho,PÃES DE ALHO,PÃO DE ALHO PICANTE,,simples,9.9,,,,,,false,private,3,,sem imagem no WordPress
506,paes_de_alho,PÃES DE ALHO,PÃO DE PEPPERONI,,simples,9.9,,,,,,true,publish,4,,sem imagem no WordPress
518,pizzas,PIZZAS,FRANGO COM CATUPIRY,"FRANGO, MILHO, TOMATE, PIMENTÃO, CATUPIRY, CEBOLA E MOLHO ESPECIAL",simples,79.9,,,,,,true,publish,0,,sem imagem no WordPress
519,pizzas,PIZZAS,PORTUGUESA,"MUSSARELA, PRESUNTO, BACON, OVO, CEBOLA, PIMENTÃO, TOMATE, MILHO E MOLHO ESPECIAL",simples,79.9,,,,,,true,publish,1,,sem imagem no WordPress
520,pizzas,PIZZAS,CALABRESA,"MUSSARELA, CALABRESA, CEBOLA E MOLHO ESPECIAL",simples,79.9,,,,,,true,publish,2,,sem imagem no WordPress
521,pizzas,PIZZAS,MARGUERITA,"MUSSARELA, TOMATE, MANJERICÃO E MOLHO DE TOMATE REFOGADO",simples,79.9,,,,,,true,publish,3,,sem imagem no WordPress
535,peixes,PEIXES,FILÉ DE TILÁPIA SEM ESPINHA + MOLHO POINT07,"A MELHOR TILAPIA EM MARIANA E REGIÃO! SEQUINHA, TEMPERO ÚNICO DA POINT07, MUITO SUCULENTA. ACOMPANHA UM MOLHO QUE SÓ NÓS TEMOS, DELICIOSO!",simples,93.9,,,,,,true,publish,0,https://point07.innovationconsultoria.com.br/cardapio/wp-content/uploads/2024/08/FILE-DE-TILAPIA.webp,
537,peixes,PEIXES,FILÉ DE TILÁPIA COM JILÓ EMPANADO + MOLHO POINT07,"JILO BEM EMPANADO SEQUINHO JUNTO COM A MELHOR TILAPIA EM MARIANA E REGIÃO! SEQUINHA, TEMPERO ÚNICO DA POINT07, MUITO SUCULENTA. ACOMPANHA UM MOLHO QUE SÓ NÓS TEMOS, DELICIOSO!",simples,98.9,,,,,,true,publish,1,https://point07.innovationconsultoria.com.br/cardapio/wp-content/uploads/2024/08/FILE-DE-TILAPIA-COM-JILO.webp,
538,peixes,PEIXES,FILÉ DE TILÁPIA COM FRITAS + MOLHO POINT07,"A MELHOR TILAPIA EM MARIANA E REGIÃO! SEQUINHA, TEMPERO ÚNICO DA POINT07, MUITO SUCULENTA. ACOMPANHA UM MOLHO QUE SÓ NÓS TEMOS, DELICIOSO!",simples,99.9,,,,,,true,publish,2,https://point07.innovationconsultoria.com.br/cardapio/wp-content/uploads/2024/08/FILE-DE-TILAPIA-COM-FRITAS-MOLHO.webp,
841,medalhoes,MEDALHÕES,ROMEU E JULIETA,,simples,13.9,,,,,,true,publish,6,,sem imagem no WordPress
1519,paes_de_alho,PÃES DE ALHO,PÃO DE ALHO COM QUEIJO,,simples,9.9,,,,,,false,private,5,,sem imagem no WordPress
1520,paes_de_alho,PÃES DE ALHO,PÃO DE ALHO PORÓ,,simples,9.9,,,,,,true,publish,6,,sem imagem no WordPress
472,porcoes,Porções,LOMBO COM FRITAS OU MANDIOCA E QUEIJO,"LOMBO SUCULENTO COM TEMPERO ESPECIAL DA CASA, QUEIJO DERRETIDO POR CIMA DA FRITAS OU MANDIOCA DA ROÇA.",tamanhos,,55.9,69.9,Médio,Grande,,true,publish,8,,sem imagem no WordPress
473,porcoes,Porções,CONTRAFILÉ COM FRITAS OU MANDIOCA E QUEIJO,"CONTRA FILE SUCULENTO, MACIO COM TEMPERO ESPECIAL DA CASA, QUEIJO DERRETIDO POR CIMA DA FRITAS OU MANDIOCA DA ROÇA.",tamanhos,,79.9,92.9,Médio,Grande,,true,publish,9,https://point07.innovationconsultoria.com.br/cardapio/wp-content/uploads/2025/01/CONTRA-FILE-COM-FRITAS.webp,
474,porcoes,Porções,CONTRAFILÉ COM MOLHO GORGONZOLA,"CONTRA FILE SUCULENTO, MACIO COM TEMPERO ESPECIAL DA CASA, MOLHO GORGONZOLA FEITO NA HORA.",tamanhos,,89.9,99.9,Médio,Grande,,true,publish,10,,sem imagem no WordPress
475,porcoes,Porções,FILÉ DE FRANGO EMPANADO COM FRITAS + MOLHO ROSE POINT07,"FILE DE FRANGO EMPANADO, COM TEMPERO ESPECIAL DA CASA, FRITAS OU MANDIOCA DA ROÇA. MOLHO ROSE POINT07.",tamanhos,,59.9,69.9,Médio,Grande,,true,publish,11,https://point07.innovationconsultoria.com.br/cardapio/wp-content/uploads/2024/08/FILE-DE-FRANGO-EMPANADO.webp,
476,porcoes,Porções,CALABRESA ACEBOLADA COM FRITAS,,tamanhos,,48.9,58.9,Médio,Grande,,false,private,12,,sem imagem no WordPress
478,porcoes,Porções,COSTELINHA COM FRITAS + MOLHO BARBECUE POINT07,"COSTELA EM PEDAÇOS, COM UM TEMPERO DA POINT07, ACOMPANHA UM BARBECUE QUE VOCE SO ENTRA NA NOSSA CASA.",tamanhos,,69.9,79.9,Médio,Grande,,true,publish,13,https://point07.innovationconsultoria.com.br/cardapio/wp-content/uploads/2024/08/COSTELINHA-E-FRITAS.webp,
481,porcoes,Porções,PICANHA COM FRITAS E QUEIJO + MOLHO ESP POINT07 + FAROFA,"PICANHA SUCULENTA, COM TEMPERO ÚNICO POINT07, QUEIJO DERRETIDO POR CIMA DA FRITAS OU MANDIOCA DA ROÇA, ACOMPANHA NOSSO INCRIVEL MOLHO DE ALHO!",tamanhos,,104.9,134.9,Médio,Grande,,true,publish,14,https://point07.innovationconsultoria.com.br/cardapio/wp-content/uploads/2024/08/PICANHA-COM-FRITAS-2.webp,
482,porcoes,Porções,CORAÇÕEZINHOS ACEBOLADO AO MOLHO SHOYU,CORAÇÃOZINHO FEITO AO MOLHO SHOYU DEIXANDO-O MUITO SUCULENTO E COM SABOR ÚNICO!,tamanhos,,69.9,,Médio,Grande,,false,private,15,,sem imagem no WordPress
483,porcoes,Porções,TORRESMO COM FRITAS OU MANDIOCA,"TORRESMO DE PELE BEM FRITO, PRODUZIDO E TEMPERADO NA CASA. MUITO CROCANTE E SABOROSO! ACOMPANHADO POR FRITAS.",tamanhos,,49.9,,Médio,Grande,,true,publish,16,https://point07.innovationconsultoria.com.br/cardapio/wp-content/uploads/2025/01/TORRESMO-COM-FRITAS.webp,
522,pizzas,PIZZAS,ATUM,"MUSSARELA, ATUM, CEBOLA, TOMATE, AZEITONA E ALHO CROCANTE",simples,79.9,,,,,,true,publish,4,,sem imagem no WordPress
523,pizzas,PIZZAS,QUATRO QUEIJOS,"MUSSARELA, CATUPIRY, PROVOLONE, TOMATE, AZEITONA, ORÉGANO, PARMESÃO E MOLHO ESPECIAL",simples,79.9,,,,,,true,publish,5,,sem imagem no WordPress
524,pizzas,PIZZAS,À MODA POINT,"MUSSARELA, PRESUNTO, BACON, OVO, CEBOLA, PIMENTÃO, TOMATE, MILHO, CATUPIRY, FRANGO E MOLHO ESPECIAL",simples,89.9,,,,,,true,publish,6,,sem imagem no WordPress
533,porcao_na_brasa,PORÇÃO NA BRASA,PICANHA GRILL,"PICANHA SELECIONADA, PRODUZIDA NA CHURRASQUEIRA, MUITO SUCULENTE. ACOMPANHA FAROFA E VINAGRETE | A CADA 500G",simples,139.5,,,,,,false,private,0,,sem imagem no WordPress
534,porcao_na_brasa,PORÇÃO NA BRASA,CONTRAFILÉ GRILL,"CONTRA FILE SELECIONADO, PRODUZIDA NA CHURRASQUEIRA, MUITO SUCULENTE. ACOMPANHA FAROFA E VINAGRETE | A CADA 500G",simples,99.9,,,,,,false,private,1,,sem imagem no WordPress
847,refrigerante,REFRIGERANTE,MITTO UVA,"SUCO INTEGRAL, GARRAFA DE VIDRO COM TAMPA DE ROSCA, 0 AÇUCARES, 0 ADIÇÃO DE CONSERVANTES, 300ML (PRODUTO GRUPO HEINEKEN)",simples,11.9,,,,,,false,private,0,https://point07.innovationconsultoria.com.br/cardapio/wp-content/uploads/2024/10/MITTO-UVA.webp,
850,refrigerante,REFRIGERANTE,CLASH'D FRUTAS VER/HIB,"FRUTAS VERMELHAS E HIBISCO, BAIXA CALORIA, 269ML (PRODUTO GRUPO HEINEKEN)",simples,7.9,,,,,,false,private,1,https://point07.innovationconsultoria.com.br/cardapio/wp-content/uploads/2024/10/CLASHD-FRUTAS-VERHIB.webp,
851,refrigerante,REFRIGERANTE,CLASH'D MAÇA GOLDEN,"MAÇÃ GOLDEN, CAPIM LIMÃO E HORTELÃ, BAIXA CALORIA, 269ML (PRODUTO GRUPO HEINEKEN)",simples,7.9,,,,,,false,private,2,https://point07.innovationconsultoria.com.br/cardapio/wp-content/uploads/2024/10/CLASHD-MACA-GOLDEN.webp,
855,refrigerante,REFRIGERANTE,ITUBAINA,"355ML, GARRAFA DE VIDRO, SABOR ÚNICO DA ITUBAINA ORIGINAL, SABOR TUTTI FRUIT (PRODUTO GRUPO HEINEKEN)",simples,7.9,,,,,,false,private,3,https://point07.innovationconsultoria.com.br/cardapio/wp-content/uploads/2024/10/itabaiana-355.webp,
858,refrigerante,REFRIGERANTE,REFRI 2LT,"GUARANÁ ANTARCTICA, FANTA",simples,14.9,,,,,,false,private,4,https://point07.innovationconsultoria.com.br/cardapio/wp-content/uploads/2024/10/refri-2lt2.webp,
464,sucos_naturais,SUCOS NATURAIS,LARANJA,"COPO 300ML, FEITO DA FRUTA FRESCA",simples,12.9,,,,,,true,publish,0,,sem imagem no WordPress
465,sucos_naturais,SUCOS NATURAIS,MARACUJÁ,"COPO 300ML,FEITO DA FRUTA FRESCA",simples,11.9,,,,,,true,publish,1,,sem imagem no WordPress
466,sucos_naturais,SUCOS NATURAIS,ABACAXI,"COPO 300ML,FEITO DA FRUTA FRESCA",simples,9.9,,,,,,true,publish,2,,sem imagem no WordPress
467,sucos_naturais,SUCOS NATURAIS,ABACAXI COM HORTELÃ,"COPO 300ML,FEITO DA FRUTA FRESCA",simples,9.9,,,,,,true,publish,3,,sem imagem no WordPress
468,sucos_naturais,SUCOS NATURAIS,LIMONADA,"COPO 300ML,FEITO DA FRUTA FRESCA",simples,8.9,,,,,,true,publish,4,,sem imagem no WordPress
469,sucos_naturais,SUCOS NATURAIS,LIMONADA SUÍÇA,"COPO 300ML,FEITO DA FRUTA FRESCA",simples,9.9,,,,,,true,publish,5,,sem imagem no WordPress
487,tabuas_especiais,TÁBUAS ESPECIAIS,TÁBUA DE FRIOS,"QUEIJO PROVOLONE, AZEITONA, PRESUNTO, MUSSARELA E SALAMINHO",compartilhar,99.9,,,,,,false,private,0,https://point07.innovationconsultoria.com.br/cardapio/wp-content/uploads/2024/11/meia-tabua-de-frios.webp,
488,tabuas_especiais,TÁBUAS ESPECIAIS,QUARTETO UAI,"TABUA MINEIRINHA ALA POINT07! FEITA COM TORRESMO DE PELE BEM FRITO, FRITAS, CALABRESA, MANDIOCA E DE BRINDE LEVE 2 DOSES CACHAÇAS DA ROÇA AMARELA",compartilhar,105,,,,,,false,private,1,https://point07.innovationconsultoria.com.br/cardapio/wp-content/uploads/2024/08/QUARTETO-UAI.webp,
489,tabuas_especiais,TÁBUAS ESPECIAIS,TRIO DE CARNES,"TABUA EXCLUSIVA PARA CARNIVOROS! FEITA COM CONTRAFILÉ, FRANGO E LOMBO. TUDO ISSO COM UM TEMPERO ÚNICO QUE SO O POINT07 TEM!",compartilhar,169.9,,,,,,false,private,2,https://point07.innovationconsultoria.com.br/cardapio/wp-content/uploads/2024/08/TRIO-DE-CARNES.webp,
509,refrigerante,REFRIGERANTE,FYS GUARANÁ 350ML,"REFRI LATA, SABOR GUARANA DA AMAZONIA, 350ML (PRODUTO GRUPO HEINEKEN)",simples,6.9,,,,,,true,publish,5,https://point07.innovationconsultoria.com.br/cardapio/wp-content/uploads/2024/08/FYS-GUARANA-350ML.webp,
510,refrigerante,REFRIGERANTE,FYS LARANJA 350ML,"REFRI LATA, SABOR LARANJA PERA RIO, 350ML (PRODUTO GRUPO HEINEKEN)",simples,6.9,,,,,,true,publish,6,https://point07.innovationconsultoria.com.br/cardapio/wp-content/uploads/2024/08/FYS-LARANJA-350ML.webp,
511,refrigerante,REFRIGERANTE,FYS LIMÃO 350ML,"REFRI LATA, SABOR LIMÃO SICILIANO, 350ML (PRODUTO GRUPO HEINEKEN)",simples,6.9,,,,,,true,publish,7,https://point07.innovationconsultoria.com.br/cardapio/wp-content/uploads/2024/08/FYS-LIMAO-350ML.webp,
512,refrigerante,REFRIGERANTE,FYS TÔNICA 350ML,"TONICA COM TOQUE DE LIMAO SICILIANO, 350ML (PRODUTO GRUPO HEINEKEN)",simples,6.9,,,,,,true,publish,8,https://point07.innovationconsultoria.com.br/cardapio/wp-content/uploads/2024/08/FYS-TONICA-350ML.webp,
513,refrigerante,REFRIGERANTE,REFRI LATA,"COCA-COLA, SPRITE, FANTA, SCHWEPPES, TÔNICA, COCA-COLA ZERO",simples,7.9,,,,,,true,publish,9,https://point07.innovationconsultoria.com.br/cardapio/wp-content/uploads/2024/08/REFRI-LATA.webp,
848,refrigerante,REFRIGERANTE,TIAL UVA,"330ML, CAIXA COM TAMPA DE ROSCA, 50% SUCO DA FRUTA, CONTEM AÇUCARES",simples,8.5,,,,,,true,publish,10,https://point07.innovationconsultoria.com.br/cardapio/wp-content/uploads/2024/10/UVA-50-TIAL.webp,
849,refrigerante,REFRIGERANTE,TIAL MANGA,"330ML, CAIXA COM TAMPA DE ROSCA, 50% POLPA DA FRUTA, CONTEM AÇUCARES",simples,8.5,,,,,,true,publish,11,https://point07.innovationconsultoria.com.br/cardapio/wp-content/uploads/2024/10/MANGA-50-TIAL.webp,
856,refrigerante,REFRIGERANTE,FYS TÔNICA ZERO,"ZERO ACUCAR, BAIXA CALORIA, 350ML (PRODUTO GRUPO HEINEKEN)",simples,6.9,,,,,,true,publish,12,https://point07.innovationconsultoria.com.br/cardapio/wp-content/uploads/2024/10/FYS-TONICA-ZERO.webp,
857,refrigerante,REFRIGERANTE,REFRI 600ML,"COCA-COLA, GUARANA, SPRITE, FANTA, FANTA UVA, COCA-COLA ZERO",simples,10.9,,,,,,true,publish,13,https://point07.innovationconsultoria.com.br/cardapio/wp-content/uploads/2024/10/REFRI-600ML.webp,
1334,refrigerante,REFRIGERANTE,COCA COLA 2LT,,simples,15.9,,,,,,false,private,14,https://point07.innovationconsultoria.com.br/cardapio/wp-content/uploads/2024/12/cocacola2l.webp,
1451,refrigerante,REFRIGERANTE,MITTO LARANJA,"SUCO INTEGRAL, GARRAFA DE VIDRO COM TAMPA DE ROSCA, 0 AÇUCARES, 0 ADIÇÃO DE CONSERVANTES, 300ML (PRODUTO GRUPO HEINEKEN)",simples,11.9,,,,,,false,private,15,https://point07.innovationconsultoria.com.br/cardapio/wp-content/uploads/2025/01/mitto.webp,
428,vinhos,VINHOS,CANÇÃO,SAGRIA TINTO SUAVE,simples,13,,,,,,true,publish,0,https://point07.innovationconsultoria.com.br/cardapio/wp-content/uploads/2024/08/CANCAO.webp,
429,vinhos,VINHOS,PÉRGOLA,SANGRIA TINTO SUAVE E TINTO SECO,simples,15.9,,,,,,true,publish,1,https://point07.innovationconsultoria.com.br/cardapio/wp-content/uploads/2024/08/PERGOLA.webp,
430,vinhos,VINHOS,SANTA HELENA CABERNET SAUVIGNON,"VINHO CHILENO,coloração rubi intensa, apresenta notas de frutos silvestres, como cereja e cassis, com toques de baunilha e chocolate. Um Vinho Tinto intenso, com excelente acidez e taninos suaves",simples,27,,,,,,true,publish,2,https://point07.innovationconsultoria.com.br/cardapio/wp-content/uploads/2024/08/SANTA-HELENA-CABERNET-SAUVIGNON.webp,
436,whisky,WHISKY,JOHNNIE WALKER RED LABEL - DOSE 50ML,"WHISKY ESCOCES, 8 ANOS, DOSE 50ML",simples,17.9,,,,,,true,publish,0,https://point07.innovationconsultoria.com.br/cardapio/wp-content/uploads/2024/08/JOHNNIE-WALKER-RED-LABEL.webp,
437,whisky,WHISKY,JOHNNIE WALKER BLACK LABEL - DOSE 50ML,"WHISKY ESCOCES, 12 ANOS, DOSE 50ML",simples,25.9,,,,,,false,private,1,https://point07.innovationconsultoria.com.br/cardapio/wp-content/uploads/2024/08/JOHNNIE-WALKER-BLACK-LABEL.webp,
438,whisky,WHISKY,JACK DANIEL'S SABORES - DOSE 50ML,"TENNESSES WHISK, TRAD, MAÇA VERDE, HONEY, FIRE DOSE 50ML",simples,21.9,,,,,,true,publish,2,https://point07.innovationconsultoria.com.br/cardapio/wp-content/uploads/2024/08/JACK-DANIELS-SABORES.webp,
439,whisky,WHISKY,WHITE HORSE - DOSE 50ML,"WHISKY ESCOCES, 8 ANOS, DOSE 50ML",simples,15.9,,,,,,true,publish,3,https://point07.innovationconsultoria.com.br/cardapio/wp-content/uploads/2024/08/WHITE-HORSE.webp,
486,tabuas_especiais,TÁBUAS ESPECIAIS,TABUA MISTA,"PORÇÃO ENORME! PARA ATE 6 PESSOAS, FEITA COM LOMBO, CONTRAFILÉ, CALABRESA E FRITAS TUDO ISSO COM MUITA QUALIDADE.",compartilhar,189.9,,,,,,true,publish,3,https://point07.innovationconsultoria.com.br/cardapio/wp-content/uploads/2024/08/TABUA-MISTA-POINT07.webp,
490,tabuas_especiais,TÁBUAS ESPECIAIS,FAMÍLIA POINT 07,"PORÇÃO GIGANTE E ÚNICA EM NOSSA REGIÃO! ATENDE ATE 10 PESSOAS! FEITA COM CONTRAFILÉ, LOMBO, FRANGO À PASSARINHO, FRITAS, MANDIOCA, CALABRESA E AZEITONA. VOCÊ NUNCA COMEU TANTO, PAGANDO TAO POUCO!",compartilhar,209,,,,,,true,publish,4,https://point07.innovationconsultoria.com.br/cardapio/wp-content/uploads/2024/08/FAMILIA-POINT07.webp,
491,tabuas_especiais,TÁBUAS ESPECIAIS,POINT CARDÍACO,"PORÇÃO GIGANTE E EXCLUSIVA DA NOSSA CASA! ATENDE ATE 10 PESSOAS! FEITA COM CONTRAFILÉ, LOMBO, FRANGO À PASSARINHO, FRITAS, MANDIOCA, CORAÇÃOZINHO E PIMENTA BIQUINHO. VOCÊ NUNCA COMEU TANTO, PAGANDO TAO POUCO!",compartilhar,219,,,,,,true,publish,5,https://point07.innovationconsultoria.com.br/cardapio/wp-content/uploads/2024/08/POINT-CARDIACO.webp,